ID,vol
34987,2426
34988,1122
34989,4418
34990,955
34991,3834
34992,1891
34993,5730
34994,6244
34995,1835
34996,4543
34997,515
34998,4256
34999,2335
35000,6413
35001,867
35002,1483
35003,4763
35004,5152
35005,6948
35006,2987
35007,2817
35008,4886
35009,963
35010,1025
35011,7287
35012,1090
35013,4500
35014,7319
35015,6812
35016,1885
35017,3521
35018,2833
35019,5686
35020,838
35021,6246
35022,3377
35023,1650
35024,6254
35025,7566
35026,4893
35027,2832
35028,393
35029,6138
35030,5277
35031,2923
35032,6750
35033,1852
35034,6255
35035,6615
35036,537
35037,5066
35038,2949
35039,5458
35040,3392
35041,2965
35042,5826
35043,3803
35044,6764
35045,5925
35046,6951
35047,6966
35048,2801
35049,1372
35050,509
35051,7537
35052,2476
35053,7457
35054,756
35055,6375
35056,5195
35057,1313
35058,3576
35059,1439
35060,544
35061,3888
35062,7526
35063,2432
35064,1877
35065,6279
35066,2450
35067,5756
35068,900
35069,4407
35070,4754
35071,311
35072,863
35073,1959
35074,5263
35075,3940
35076,3615
35077,155
35078,4843
35079,1252
35080,1856
35081,3079
35082,7529
35083,2107
35084,6380
35085,7058
35086,773
35087,3525
35088,7285
35089,4411
35090,2883
35091,397
35092,5667
35093,5685
35094,1312
35095,7466
35096,204
35097,4591
35098,6003
35099,4633
35100,334
35101,6233
35102,5365
35103,3252
35104,7347
35105,251
35106,5029
35107,2037
35108,5172
35109,663
35110,4750
35111,7077
35112,881
35113,2901
35114,1793
35115,418
35116,7051
35117,1697
35118,6146
35119,1130
35120,4859
35121,1253
35122,4279
35123,472
35124,6821
35125,4832
35126,1988
35127,3733
35128,3538
35129,5388
35130,7041
35131,5123
35132,3076
35133,6519
35134,7316
35135,2843
35136,1572
35137,738
35138,4269
35139,102
35140,6603
35141,5260
35142,3225
35143,2277
35144,6648
35145,2856
35146,1276
35147,3014
35148,3941
35149,4988
35150,1465
35151,6325
35152,5880
35153,4604
35154,3322
35155,1216
35156,3070
35157,2653
35158,719
35159,2383
35160,4262
35161,3473
35162,5932
35163,1317
35164,3548
35165,4113
35166,4427
35167,5553
35168,4114
35169,7415
35170,3202
35171,2219
35172,1032
35173,5714
35174,238
35175,5069
35176,1679
35177,192
35178,928
35179,2078
35180,256
35181,1081
35182,6944
35183,2751
35184,4643
35185,2670
35186,4856
35187,358
35188,7407
35189,3176
35190,757
35191,5960
35192,2937
35193,4196
35194,7155
35195,4628
35196,847
35197,7330
35198,7575
35199,5798
35200,6560
35201,7012
35202,970
35203,7119
35204,1692
35205,6922
35206,3673
35207,5054
35208,5079
35209,6167
35210,2549
35211,1065
35212,5164
35213,3918
35214,2060
35215,3878
35216,7299
35217,5211
35218,1973
35219,5682
35220,6453
35221,3203
35222,5134
35223,4967
35224,7367
35225,7514
35226,5940
35227,6755
35228,3489
35229,3646
35230,3876
35231,6206
35232,2170
35233,6217
35234,4545
35235,1351
35236,789
35237,7403
35238,491
35239,2166
35240,6567
35241,380
35242,6284
35243,3011
35244,2958
35245,4207
35246,6926
35247,1060
35248,5290
35249,3688
35250,7587
35251,3960
35252,7011
35253,4884
35254,4882
35255,4740
35256,5281
35257,5975
35258,5095
35259,6952
35260,2326
35261,2058
35262,6352
35263,2332
35264,1867
35265,3001
35266,253
35267,5020
35268,5039
35269,4376
35270,3151
35271,2601
35272,6178
35273,1612
35274,278
35275,503
35276,7109
35277,2194
35278,3449
35279,1498
35280,5460
35281,1869
35282,1208
35283,6889
35284,2159
35285,1279
35286,3735
35287,4821
35288,4367
35289,1880
35290,5890
35291,6033
35292,1656
35293,3181
35294,2519
35295,2550
35296,4096
35297,3889
35298,796
35299,3431
35300,5267
35301,4463
35302,4180
35303,5883
35304,5943
35305,1508
35306,5242
35307,2396
35308,6791
35309,4020
35310,4434
35311,3620
35312,5741
35313,3190
35314,5032
35315,7361
35316,375
35317,4011
35318,3305
35319,5000
35320,7442
35321,3334
35322,1911
35323,5938
35324,5533
35325,632
35326,7244
35327,7341
35328,417
35329,2368
35330,1324
35331,721
35332,6142
35333,1726
35334,2644
35335,5517
35336,2362
35337,3958
35338,5959
35339,3568
35340,3897
35341,778
35342,1909
35343,2508
35344,610
35345,3926
35346,2983
35347,4585
35348,3895
35349,3480
35350,3276
35351,6557
35352,1523
35353,1412
35354,2898
35355,4484
35356,4914
35357,4436
35358,1950
35359,751
35360,5192
35361,6149
35362,2193
35363,7329
35364,5052
35365,7112
35366,5333
35367,4625
35368,6219
35369,6570
35370,1204
35371,3253
35372,4682
35373,5917
35374,1829
35375,3770
35376,6732
35377,3050
35378,4794
35379,2255
35380,453
35381,1767
35382,6899
35383,951
35384,1814
35385,5056
35386,4174
35387,6084
35388,859
35389,4646
35390,1724
35391,6087
35392,7280
35393,3365
35394,718
35395,2893
35396,2085
35397,4478
35398,1940
35399,750
35400,2765
35401,1034
35402,394
35403,3782
35404,5337
35405,3815
35406,2686
35407,1048
35408,6318
35409,7558
35410,6893
35411,4438
35412,5226
35413,2613
35414,3280
35415,2072
35416,3585
35417,2303
35418,6493
35419,4429
35420,1211
35421,3773
35422,2118
35423,3016
35424,4210
35425,5951
35426,7093
35427,2537
35428,6304
35429,5888
35430,5726
35431,6170
35432,3837
35433,2283
35434,3475
35435,349
35436,6526
35437,2910
35438,6584
35439,2967
35440,567
35441,5275
35442,6780
35443,4666
35444,7180
35445,2161
35446,5571
35447,3583
35448,2541
35449,3987
35450,6213
35451,3655
35452,4505
35453,5316
35454,1730
35455,5954
35456,1825
35457,4519
35458,1566
35459,3943
35460,2859
35461,1484
35462,1980
35463,6275
35464,3704
35465,3529
35466,7568
35467,636
35468,7268
35469,5078
35470,945
35471,2678
35472,4375
35473,5804
35474,2319
35475,6382
35476,6047
35477,2233
35478,4946
35479,7447
35480,7452
35481,652
35482,6299
35483,6448
35484,433
35485,4063
35486,1175
35487,2913
35488,1344
35489,2822
35490,3256
35491,5589
35492,583
35493,3354
35494,1718
35495,6099
35496,279
35497,3261
35498,1775
35499,175
35500,7242
35501,5089
35502,7432
35503,1593
35504,1380
35505,3847
35506,1689
35507,2042
35508,854
35509,3928
35510,6259
35511,5081
35512,7493
35513,2427
35514,5457
35515,2906
35516,5904
35517,545
35518,3057
35519,1926
35520,903
35521,5889
35522,3345
35523,4829
35524,2315
35525,2884
35526,1583
35527,598
35528,6887
35529,5273
35530,3949
35531,1822
35532,1385
35533,3234
35534,6851
35535,7437
35536,5322
35537,3041
35538,925
35539,2939
35540,4665
35541,123
35542,6449
35543,3840
35544,6857
35545,5841
35546,2600
35547,7282
35548,2076
35549,291
35550,2189
35551,6545
35552,5666
35553,2229
35554,7239
35555,6824
35556,7013
35557,2533
35558,6329
35559,1848
35560,4499
35561,5426
35562,7140
35563,5298
35564,702
35565,3921
35566,1734
35567,4663
35568,646
35569,421
35570,6251
35571,2377
35572,5844
35573,4424
35574,1066
35575,3600
35576,5744
35577,2498
35578,182
35579,3572
35580,7007
35581,4885
35582,4062
35583,6162
35584,3060
35585,1011
35586,2625
35587,7304
35588,4536
35589,3619
35590,3204
35591,6757
35592,4620
35593,2897
35594,2429
35595,2151
35596,494
35597,404
35598,5799
35599,2308
35600,5243
35601,5907
35602,994
35603,3053
35604,4759
35605,4941
35606,7269
35607,210
35608,2200
35609,3268
35610,6342
35611,4556
35612,6102
35613,1916
35614,6344
35615,1747
35616,484
35617,5977
35618,1298
35619,3531
35620,2297
35621,3912
35622,956
35623,6503
35624,816
35625,3675
35626,5556
35627,5785
35628,2030
35629,6435
35630,6101
35631,2568
35632,1752
35633,4244
35634,979
35635,5112
35636,7309
35637,2350
35638,2059
35639,631
35640,1390
35641,1104
35642,2795
35643,6323
35644,5687
35645,3843
35646,6150
35647,4474
35648,5512
35649,3343
35650,6555
35651,4124
35652,581
35653,3155
35654,5675
35655,3659
35656,2306
35657,611
35658,6053
35659,1057
35660,895
35661,5713
35662,2589
35663,378
35664,7498
35665,4263
35666,504
35667,6586
35668,4029
35669,5453
35670,5083
35671,1245
35672,6078
35673,5521
35674,3353
35675,1238
35676,697
35677,573
35678,2846
35679,4017
35680,4877
35681,3751
35682,654
35683,5937
35684,3082
35685,1773
35686,6407
35687,3420
35688,3784
35689,4125
35690,5162
35691,1135
35692,5579
35693,3794
35694,1116
35695,4708
35696,103
35697,6592
35698,6633
35699,4238
35700,986
35701,2663
35702,3716
35703,6495
35704,1290
35705,4608
35706,4074
35707,6252
35708,5244
35709,4169
35710,2586
35711,4716
35712,5513
35713,5351
35714,4403
35715,2506
35716,1404
35717,4107
35718,4714
35719,4854
35720,6172
35721,2719
35722,6105
35723,1702
35724,954
35725,695
35726,4134
35727,7332
35728,3647
35729,7203
35730,7115
35731,2495
35732,4073
35733,3010
35734,5705
35735,2546
35736,799
35737,4209
35738,6712
35739,5557
35740,7396
35741,5012
35742,1951
35743,1185
35744,5764
35745,6943
35746,7460
35747,524
35748,3643
35749,3954
35750,3454
35751,4492
35752,3366
35753,4450
35754,3976
35755,1452
35756,4254
35757,2681
35758,3214
35759,3708
35760,4341
35761,861
35762,2285
35763,260
35764,7023
35765,3838
35766,4822
35767,3139
35768,5539
35769,5588
35770,4132
35771,2981
35772,1962
35773,1250
35774,1943
35775,5733
35776,6040
35777,1629
35778,7208
35779,4773
35780,3248
35781,5338
35782,4945
35783,1688
35784,7273
35785,3479
35786,7339
35787,6709
35788,7300
35789,1161
35790,7543
35791,4940
35792,1178
35793,7075
35794,3661
35795,1932
35796,2696
35797,7015
35798,1985
35799,6852
35800,6720
35801,6775
35802,2379
35803,2992
35804,3725
35805,1056
35806,7335
35807,523
35808,4268
35809,2984
35810,456
35811,1890
35812,4657
35813,2186
35814,6378
35815,7401
35816,7211
35817,5694
35818,1611
35819,3030
35820,3342
35821,4381
35822,4578
35823,848
35824,5818
35825,743
35826,400
35827,615
35828,5259
35829,1362
35830,6655
35831,3398
35832,2387
35833,919
35834,1949
35835,173
35836,6512
35837,3822
35838,5270
35839,4485
35840,5851
35841,4079
35842,5878
35843,4670
35844,1414
35845,3851
35846,5493
35847,2074
35848,1199
35849,335
35850,2116
35851,4123
35852,4790
35853,3792
35854,5060
35855,6523
35856,5870
35857,7201
35858,1601
35859,4968
35860,486
35861,114
35862,5469
35863,205
35864,6264
35865,5855
35866,1079
35867,3729
35868,3986
35869,7494
35870,5386
35871,7160
35872,1131
35873,5777
35874,5522
35875,2327
35876,7348
35877,7139
35878,683
35879,4737
35880,1967
35881,5619
35882,1288
35883,2740
35884,1533
35885,4148
35886,118
35887,7378
35888,6622
35889,6452
35890,1206
35891,4291
35892,1222
35893,2598
35894,3846
35895,4889
35896,2837
35897,4022
35898,3495
35899,5829
35900,3170
35901,3942
35902,1160
35903,1600
35904,496
35905,6795
35906,2513
35907,4239
35908,2619
35909,6689
35910,770
35911,7462
35912,1511
35913,6798
35914,2448
35915,3790
35916,6404
35917,6873
35918,4895
35919,4237
35920,3455
35921,680
35922,3323
35923,739
35924,2110
35925,5992
35926,6089
35927,117
35928,7216
35929,7296
35930,7354
35931,6282
35932,7318
35933,1919
35934,6797
35935,6063
35936,6941
35937,6241
35938,111
35939,3812
35940,6756
35941,6208
35942,722
35943,6037
35944,1746
35945,1307
35946,4282
35947,2430
35948,2641
35949,3132
35950,5323
35951,2465
35952,1364
35953,6902
35954,1626
35955,5678
35956,5608
35957,1153
35958,2005
35959,5947
35960,4847
35961,6733
35962,7096
35963,2296
35964,1621
35965,3012
35966,4437
35967,4490
35968,2747
35969,6573
35970,480
35971,1902
35972,7411
35973,5449
35974,7521
35975,5404
35976,3532
35977,5442
35978,1500
35979,451
35980,6619
35981,284
35982,6066
35983,5789
35984,3857
35985,1636
35986,7586
35987,6303
35988,6168
35989,2875
35990,1645
35991,3440
35992,4917
35993,6514
35994,2171
35995,5071
35996,306
35997,233
35998,7214
35999,320
36000,1468
36001,1112
36002,4697
36003,4181
36004,4049
36005,6923
36006,5964
36007,3984
36008,3245
36009,817
36010,3477
36011,4981
36012,7281
36013,4600
36014,4540
36015,5500
36016,2950
36017,2590
36018,3240
36019,6983
36020,1505
36021,6026
36022,5847
36023,190
36024,7149
36025,3331
36026,6792
36027,6319
36028,2198
36029,6647
36030,1820
36031,5651
36032,5825
36033,6805
36034,5138
36035,519
36036,862
36037,482
36038,5394
36039,6195
36040,5451
36041,5363
36042,5050
36043,330
36044,3189
36045,5139
36046,5178
36047,3892
36048,7097
36049,4274
36050,4007
36051,3691
36052,1506
36053,2651
36054,2192
36055,1923
36056,6300
36057,587
36058,3186
36059,293
36060,2138
36061,3886
36062,3554
36063,2225
36064,6025
36065,5704
36066,7406
36067,1050
36068,7448
36069,3621
36070,2361
36071,4030
36072,6367
36073,4316
36074,2690
36075,4252
36076,5141
36077,6531
36078,5440
36079,6632
36080,4233
36081,4796
36082,5136
36083,3506
36084,122
36085,6651
36086,7076
36087,413
36088,6556
36089,2355
36090,4002
36091,1614
36092,7386
36093,3920
36094,7336
36095,6509
36096,3592
36097,4309
36098,6751
36099,3075
36100,824
36101,2711
36102,336
36103,7544
36104,4566
36105,6865
36106,4792
36107,6930
36108,2106
36109,562
36110,2976
36111,5934
36112,4004
36113,3389
36114,3437
36115,1004
36116,2282
36117,2808
36118,4136
36119,1530
36120,2588
36121,7431
36122,1999
36123,5131
36124,3681
36125,1879
36126,5102
36127,4709
36128,1534
36129,7404
36130,5171
36131,4481
36132,2330
36133,866
36134,3175
36135,3013
36136,4467
36137,364
36138,5262
36139,2139
36140,4949
36141,1592
36142,4852
36143,3654
36144,984
36145,489
36146,1478
36147,6918
36148,1358
36149,3608
36150,5496
36151,1608
36152,5930
36153,5254
36154,3357
36155,168
36156,6433
36157,5751
36158,5213
36159,6278
36160,1646
36161,1712
36162,6386
36163,464
36164,1120
36165,1631
36166,6396
36167,1073
36168,159
36169,5534
36170,3903
36171,429
36172,7359
36173,3939
36174,1772
36175,4634
36176,5740
36177,4135
36178,3247
36179,1562
36180,1379
36181,3486
36182,4200
36183,466
36184,4571
36185,6654
36186,1045
36187,5487
36188,4370
36189,1742
36190,1894
36191,4995
36192,4915
36193,7548
36194,3194
36195,768
36196,1620
36197,3017
36198,6773
36199,4806
36200,3856
36201,3814
36202,1591
36203,2706
36204,910
36205,1098
36206,7288
36207,2526
36208,396
36209,5371
36210,7176
36211,3706
36212,1040
36213,365
36214,3469
36215,3144
36216,6260
36217,3871
36218,5201
36219,4167
36220,5625
36221,4611
36222,7393
36223,7342
36224,1023
36225,2972
36226,5505
36227,2211
36228,6129
36229,1882
36230,880
36231,6670
36232,3910
36233,4618
36234,2781
36235,6478
36236,4610
36237,5502
36238,6961
36239,2215
36240,920
36241,7133
36242,5034
36243,4934
36244,3197
36245,2873
36246,3072
36247,6307
36248,6358
36249,3436
36250,2444
36251,2179
36252,4683
36253,3453
36254,1285
36255,6182
36256,5509
36257,5443
36258,3442
36259,977
36260,5359
36261,538
36262,6891
36263,5235
36264,4298
36265,139
36266,2818
36267,4954
36268,597
36269,7426
36270,4764
36271,5631
36272,430
36273,7333
36274,2496
36275,131
36276,2467
36277,3205
36278,4100
36279,3788
36280,6830
36281,2374
36282,7471
36283,6916
36284,4149
36285,775
36286,6674
36287,7532
36288,6262
36289,5065
36290,481
36291,3992
36292,622
36293,4335
36294,6682
36295,7313
36296,2268
36297,4384
36298,6455
36299,1202
36300,7002
36301,2472
36302,7397
36303,2045
36304,3404
36305,5884
36306,7131
36307,5974
36308,4718
36309,2442
36310,7169
36311,7541
36312,1548
36313,2248
36314,2579
36315,1892
36316,7573
36317,4388
36318,4679
36319,3671
36320,3584
36321,7257
36322,3804
36323,1078
36324,6595
36325,148
36326,5219
36327,1653
36328,7243
36329,6115
36330,4849
36331,6392
36332,4480
36333,104
36334,7278
36335,1415
36336,3052
36337,6907
36338,3540
36339,6086
36340,7425
36341,6789
36342,3295
36343,7307
36344,7121
36345,3289
36346,2993
36347,2555
36348,740
36349,2951
36350,4960
36351,3361
36352,3766
36353,1524
36354,7570
36355,5637
36356,2281
36357,3849
36358,186
36359,2607
36360,6969
36361,6381
36362,6442
36363,6786
36364,525
36365,3689
36366,7078
36367,1503
36368,6539
36369,2887
36370,3819
36371,4358
36372,6429
36373,677
36374,2419
36375,3130
36376,5648
36377,2339
36378,3807
36379,6727
36380,6271
36381,1488
36382,5358
36383,1142
36384,5084
36385,4199
36386,2826
36387,6739
36388,5735
36389,6501
36390,2927
36391,6116
36392,3363
36393,5076
36394,1798
36395,3587
36396,1321
36397,2666
36398,2578
36399,2511
36400,3651
36401,4582
36402,4596
36403,317
36404,6200
36405,6726
36406,4980
36407,3285
36408,272
36409,3761
36410,4295
36411,1602
36412,3332
36413,1041
36414,4579
36415,2165
36416,4626
36417,1140
36418,3679
36419,849
36420,3081
36421,3417
36422,3178
36423,6110
36424,3288
36425,174
36426,1332
36427,4638
36428,6999
36429,5757
36430,546
36431,1842
36432,4204
36433,477
36434,268
36435,6412
36436,6372
36437,3783
36438,6625
36439,4456
36440,4476
36441,1687
36442,6354
36443,1467
36444,3736
36445,4023
36446,1908
36447,4496
36448,3004
36449,6488
36450,7073
36451,2926
36452,1396
36453,3270
36454,2831
36455,7540
36456,6553
36457,572
36458,1841
36459,4662
36460,7232
36461,6421
36462,5355
36463,3149
36464,7584
36465,1956
36466,321
36467,5691
36468,3989
36469,1960
36470,455
36471,3284
36472,4787
36473,4170
36474,2125
36475,713
36476,6051
36477,1083
36478,3458
36479,959
36480,1080
36481,1683
36482,1861
36483,7295
36484,635
36485,5063
36486,6472
36487,800
36488,4455
36489,7323
36490,3613
36491,1502
36492,2168
36493,6265
36494,2111
36495,1453
36496,5734
36497,4734
36498,5614
36499,5919
36500,712
36501,7517
36502,1819
36503,6223
36504,4164
36505,6794
36506,3262
36507,6414
36508,2567
36509,3461
36510,3512
36511,1459
36512,6340
36513,7320
36514,5842
36515,2423
36516,2375
36517,6060
36518,1931
36519,3710
36520,5346
36521,1917
36522,5635
36523,690
36524,6021
36525,4846
36526,2766
36527,1761
36528,3922
36529,6489
36530,7344
36531,4659
36532,4465
36533,3400
36534,2346
36535,2263
36536,1232
36537,3218
36538,1528
36539,3916
36540,4202
36541,6136
36542,3553
36543,1642
36544,6175
36545,5738
36546,4409
36547,6808
36548,2422
36549,1893
36550,2654
36551,6980
36552,4932
36553,1270
36554,6163
36555,3599
36556,2342
36557,1595
36558,3290
36559,1330
36560,628
36561,1529
36562,5401
36563,3443
36564,3237
36565,5216
36566,4924
36567,283
36568,5287
36569,5636
36570,987
36571,1010
36572,2452
36573,2869
36574,5398
36575,6356
36576,391
36577,1233
36578,7382
36579,1639
36580,3535
36581,1545
36582,2918
36583,7479
36584,7464
36585,5700
36586,7116
36587,4529
36588,7120
36589,6534
36590,909
36591,1309
36592,1771
36593,4061
36594,2969
36595,1282
36596,6504
36597,5241
36598,5116
36599,4900
36600,2210
36601,1117
36602,7308
36603,4408
36604,5150
36605,6214
36606,4671
36607,3209
36608,7026
36609,625
36610,290
36611,613
36612,2802
36613,4334
36614,3063
36615,2603
36616,270
36617,614
36618,1001
36619,1664
36620,2915
36621,2235
36622,3388
36623,6972
36624,5064
36625,1762
36626,737
36627,2364
36628,4606
36629,4593
36630,6881
36631,5430
36632,694
36633,4905
36634,3985
36635,2213
36636,1224
36637,3263
36638,2509
36639,2861
36640,2092
36641,532
36642,4019
36643,1226
36644,927
36645,2661
36646,1293
36647,1794
36648,3775
36649,1182
36650,6249
36651,1786
36652,6667
36653,5950
36654,6522
36655,3321
36656,2499
36657,5778
36658,5905
36659,574
36660,5092
36661,5341
36662,3179
36663,7191
36664,2805
36665,7384
36666,2359
36667,6834
36668,2896
36669,1487
36670,2505
36671,961
36672,379
36673,5362
36674,4015
36675,5817
36676,5809
36677,7581
36678,2604
36679,5856
36680,3721
36681,6568
36682,5537
36683,4264
36684,3697
36685,4904
36686,259
36687,4609
36688,6369
36689,6002
36690,4902
36691,3747
36692,4660
36693,2230
36694,7326
36695,1258
36696,6293
36697,207
36698,5598
36699,3448
36700,5209
36701,7513
36702,764
36703,1791
36704,5566
36705,3348
36706,6783
36707,2041
36708,3866
36709,3656
36710,1124
36711,5317
36712,1792
36713,5470
36714,1447
36715,3625
36716,1705
36717,2912
36718,1963
36719,3292
36720,6692
36721,3135
36722,7193
36723,1969
36724,6520
36725,376
36726,506
36727,4583
36728,2259
36729,1866
36730,4869
36731,5536
36732,2033
36733,3695
36734,5824
36735,1059
36736,3764
36737,3936
36738,2785
36739,705
36740,5699
36741,7427
36742,3444
36743,3482
36744,7375
36745,2848
36746,5632
36747,4788
36748,3156
36749,4987
36750,982
36751,1981
36752,4815
36753,704
36754,3567
36755,5246
36756,7095
36757,4034
36758,1694
36759,2790
36760,2388
36761,6444
36762,6073
36763,6041
36764,835
36765,4387
36766,6934
36767,5352
36768,2028
36769,693
36770,2650
36771,6064
36772,1627
36773,307
36774,5993
36775,2971
36776,1828
36777,3978
36778,1942
36779,6485
36780,7429
36781,5367
36782,4880
36783,3988
36784,4872
36785,121
36786,6483
36787,4836
36788,2544
36789,4982
36790,7219
36791,5408
36792,161
36793,7210
36794,2570
36795,3040
36796,1581
36797,7197
36798,5424
36799,6828
36800,5473
36801,5540
36802,4928
36803,4745
36804,2023
36805,4143
36806,2955
36807,5374
36808,7088
36809,1831
36810,1709
36811,616
36812,2709
36813,6697
36814,4368
36815,1318
36816,5645
36817,2309
36818,4230
36819,5612
36820,3580
36821,779
36822,1424
36823,7074
36824,6885
36825,3686
36826,6331
36827,2231
36828,3488
36829,2420
36830,6193
36831,1365
36832,4483
36833,1020
36834,2853
36835,1136
36836,1544
36837,3129
36838,3430
36839,2453
36840,2500
36841,3543
36842,3519
36843,833
36844,5312
36845,1458
36846,4493
36847,804
36848,1900
36849,3187
36850,3228
36851,5181
36852,247
36853,2356
36854,784
36855,5994
36856,990
36857,7500
36858,2307
36859,2799
36860,4510
36861,4453
36862,5661
36863,7482
36864,578
36865,3238
36866,4399
36867,3885
36868,3724
36869,3266
36870,1139
36871,5185
36872,2558
36873,3504
36874,3852
36875,730
36876,1765
36877,4762
36878,171
36879,6106
36880,2750
36881,972
36882,1262
36883,1936
36884,5958
36885,4541
36886,5773
36887,2253
36888,448
36889,5167
36890,1661
36891,3008
36892,438
36893,696
36894,5902
36895,7551
36896,957
36897,7212
36898,7246
36899,935
36900,850
36901,4641
36902,6883
36903,1264
36904,2047
36905,4337
36906,3832
36907,805
36908,1857
36909,1516
36910,3696
36911,4412
36912,6447
36913,1154
36914,1844
36915,5090
36916,6357
36917,5477
36918,3678
36919,6535
36920,6802
36921,4897
36922,3631
36923,6370
36924,4488
36925,6188
36926,2492
36927,6423
36928,2773
36929,299
36930,4810
36931,736
36932,908
36933,906
36934,6928
36935,4457
36936,5480
36937,5737
36938,7270
36939,829
36940,4875
36941,1485
36942,5321
36943,2540
36944,1737
36945,6518
36946,2439
36947,1155
36948,7343
36949,4564
36950,543
36951,1686
36952,809
36953,4555
36954,4514
36955,6320
36956,6012
36957,3753
36958,5306
36959,1345
36960,5250
36961,6269
36962,2214
36963,7495
36964,3286
36965,620
36966,2316
36967,4259
36968,5047
36969,7261
36970,670
36971,6169
36972,2914
36973,860
36974,1987
36975,3515
36976,1316
36977,6177
36978,2083
36979,2025
36980,1784
36981,1168
36982,4961
36983,6582
36984,3712
36985,2580
36986,5760
36987,7087
36988,4157
36989,585
36990,7033
36991,6631
36992,2760
36993,5097
36994,7209
36995,1946
36996,5488
36997,4216
36998,1287
36999,7557
37000,3581
37001,3061
37002,3134
37003,6871
37004,2141
37005,5023
37006,163
37007,3043
37008,6935
37009,2935
37010,1669
37011,3188
37012,3763
37013,4700
37014,4791
37015,5042
37016,3118
37017,1455
37018,7490
37019,1788
37020,7421
37021,2188
37022,4433
37023,4000
37024,2909
37025,6049
37026,6994
37027,3193
37028,3930
37029,765
37030,6562
37031,6436
37032,897
37033,7475
37034,4203
37035,836
37036,7518
37037,2582
37038,5170
37039,7170
37040,5914
37041,4959
37042,3787
37043,2502
37044,2857
37045,399
37046,4804
37047,5160
37048,3293
37049,2148
37050,5325
37051,6126
37052,3226
37053,3411
37054,1009
37055,1108
37056,4896
37057,409
37058,5895
37059,4720
37060,4038
37061,2441
37062,1428
37063,4883
37064,1905
37065,6706
37066,7322
37067,6912
37068,4121
37069,3425
37070,4721
37071,7008
37072,5531
37073,4991
37074,3251
37075,492
37076,1411
37077,6266
37078,5264
37079,2828
37080,6446
37081,1706
37082,2732
37083,5403
37084,7195
37085,4391
37086,5810
37087,3990
37088,3890
37089,5660
37090,4661
37091,231
37092,5434
37093,2034
37094,4808
37095,6109
37096,4178
37097,4965
37098,1774
37099,1413
37100,6054
37101,4087
37102,969
37103,4176
37104,5197
37105,3195
37106,1359
37107,1596
37108,4538
37109,1422
37110,3210
37111,1807
37112,1707
37113,228
37114,858
37115,1446
37116,4275
37117,5222
37118,5051
37119,6309
37120,2178
37121,120
37122,2697
37123,2488
37124,2634
37125,2142
37126,1366
37127,5616
37128,4400
37129,6422
37130,6728
37131,4581
37132,5725
37133,5292
37134,6471
37135,4539
37136,3273
37137,4110
37138,2243
37139,703
37140,4964
37141,325
37142,2838
37143,7072
37144,2921
37145,2564
37146,1677
37147,1740
37148,5313
37149,5823
37150,2406
37151,1582
37152,1538
37153,3793
37154,6390
37155,671
37156,2197
37157,3707
37158,5928
37159,4743
37160,4664
37161,780
37162,2683
37163,2483
37164,4402
37165,6642
37166,1635
37167,2749
37168,5417
37169,3029
37170,3911
37171,6608
37172,2032
37173,5441
37174,6932
37175,3552
37176,5629
37177,2924
37178,7441
37179,656
37180,5452
37181,6173
37182,6361
37183,4789
37184,6306
37185,1363
37186,446
37187,5584
37188,505
37189,3447
37190,3236
37191,2273
37192,2067
37193,4704
37194,3250
37195,3641
37196,591
37197,6714
37198,1283
37199,595
37200,5253
37201,759
37202,5033
37203,4535
37204,3397
37205,4690
37206,5565
37207,5207
37208,889
37209,5590
37210,5621
37211,3452
37212,4397
37213,4214
37214,3713
37215,6322
37216,5526
37217,7430
37218,1563
37219,5689
37220,6563
37221,2050
37222,6337
37223,7416
37224,3971
37225,6292
37226,327
37227,4089
37228,5429
37229,7305
37230,7132
37231,4520
37232,1423
37233,2082
37234,6968
37235,463
37236,4352
37237,1005
37238,4356
37239,2855
37240,289
37241,2858
37242,4910
37243,1785
37244,458
37245,5284
37246,4191
37247,708
37248,2022
37249,5780
37250,564
37251,1930
37252,7552
37253,4228
37254,4054
37255,3393
37256,130
37257,165
37258,7377
37259,5405
37260,7030
37261,2305
37262,1574
37263,2796
37264,2397
37265,5879
37266,7163
37267,2672
37268,1606
37269,1957
37270,6882
37271,658
37272,5906
37273,6880
37274,1817
37275,4171
37276,5739
37277,3924
37278,1151
37279,2754
37280,6722
37281,5634
37282,3756
37283,2455
37284,4652
37285,3534
37286,6577
37287,7585
37288,141
37289,1799
37290,6571
37291,2944
37292,1630
37293,4014
37294,4669
37295,2399
37296,1026
37297,4406
37298,3969
37299,664
37300,6032
37301,5988
37302,2556
37303,6848
37304,4165
37305,3358
37306,575
37307,1672
37308,2729
37309,5545
37310,7413
37311,2874
37312,4781
37313,6921
37314,4331
37315,2698
37316,5668
37317,1507
37318,201
37319,1859
37320,347
37321,5392
37322,6869
37323,6027
37324,338
37325,5903
37326,5108
37327,3734
37328,4345
37329,4454
37330,471
37331,3603
37332,2996
37333,1429
37334,110
37335,6564
37336,6774
37337,5674
37338,7103
37339,2536
37340,6736
37341,2605
37342,2758
37343,7395
37344,5591
37345,1996
37346,3595
37347,1684
37348,5239
37349,657
37350,2879
37351,4432
37352,1118
37353,1184
37354,588
37355,4760
37356,6759
37357,6909
37358,6777
37359,6439
37360,1571
37361,3051
37362,3970
37363,3850
37364,3085
37365,1092
37366,1561
37367,5852
37368,4735
37369,2064
37370,5941
37371,390
37372,3869
37373,6006
37374,1007
37375,4567
37376,1833
37377,235
37378,2416
37379,4839
37380,667
37381,3549
37382,949
37383,6288
37384,6440
37385,590
37386,1402
37387,2169
37388,1348
37389,3544
37390,1147
37391,420
37392,109
37393,5459
37394,1492
37395,5840
37396,4449
37397,340
37398,4112
37399,2409
37400,1966
37401,2152
37402,1103
37403,7472
37404,1087
37405,5010
37406,6988
37407,1870
37408,999
37409,5349
37410,5191
37411,5770
37412,7006
37413,4894
37414,3715
37415,1834
37416,2209
37417,1603
37418,476
37419,3311
37420,682
37421,4486
37422,7286
37423,479
37424,4990
37425,2691
37426,2133
37427,1265
37428,2323
37429,6031
37430,4765
37431,1972
37432,6289
37433,6784
37434,5644
37435,5961
37436,1281
37437,381
37438,6806
37439,5129
37440,5068
37441,6992
37442,1284
37443,3626
37444,1275
37445,1438
37446,2360
37447,3083
37448,4692
37449,633
37450,3760
37451,2786
37452,2003
37453,1349
37454,1075
37455,1699
37456,6443
37457,5271
37458,263
37459,4304
37460,4137
37461,2503
37462,313
37463,6766
37464,6224
37465,2121
37466,5353
37467,1935
37468,2646
37469,1398
37470,4072
37471,647
37472,4518
37473,1725
37474,3418
37475,4774
37476,6425
37477,2824
37478,5369
37479,3054
37480,1371
37481,4599
37482,5857
37483,678
37484,7240
37485,5918
37486,5412
37487,7449
37488,514
37489,3952
37490,4978
37491,4378
37492,1115
37493,2525
37494,1638
37495,3977
37496,2124
37497,6090
37498,4120
37499,6373
37500,4838
37501,2352
37502,5334
37503,5046
37504,2851
37505,3797
37506,3033
37507,5279
37508,7040
37509,1851
37510,685
37511,6585
37512,4321
37513,4363
37514,5073
37515,508
37516,1240
37517,1532
37518,6525
37519,4916
37520,3006
37521,5301
37522,4989
37523,832
37524,5524
37525,2998
37526,3692
37527,5024
37528,7113
37529,3785
37530,2870
37531,1239
37532,7046
37533,5120
37534,531
37535,5638
37536,1576
37537,5446
37538,5753
37539,5414
37540,6746
37541,2386
37542,4925
37543,5289
37544,383
37545,4785
37546,1676
37547,2565
37548,4330
37549,5986
37550,3842
37551,1539
37552,4041
37553,766
37554,4645
37555,1064
37556,3873
37557,4470
37558,2494
37559,7136
37560,2393
37561,4473
37562,1633
37563,2378
37564,4118
37565,4942
37566,4605
37567,1070
37568,1845
37569,7424
37570,7277
37571,7491
37572,2373
37573,1808
37574,4863
37575,5188
37576,6634
37577,1542
37578,3539
37579,7547
37580,4025
37581,968
37582,2443
37583,699
37584,1421
37585,285
37586,1997
37587,3217
37588,2091
37589,2616
37590,5642
37591,4985
37592,688
37593,1387
37594,948
37595,395
37596,4177
37597,5107
37598,452
37599,4012
37600,3545
37601,6950
37602,3582
37603,2264
37604,5100
37605,3426
37606,6659
37607,353
37608,3385
37609,7383
37610,149
37611,7022
37612,6997
37613,113
37614,2272
37615,2612
37616,5900
37617,4751
37618,6018
37619,5837
37620,5022
37621,905
37622,4860
37623,5861
37624,5490
37625,2011
37626,2324
37627,1768
37628,4730
37629,1578
37630,4793
37631,4128
37632,488
37633,7289
37634,4820
37635,1895
37636,2608
37637,3821
37638,3232
37639,1564
37640,4447
37641,2516
37642,5664
37643,3165
37644,6550
37645,6104
37646,3855
37647,4273
37648,6542
37649,157
37650,7223
37651,6476
37652,3968
37653,934
37654,1720
37655,926
37656,2489
37657,4342
37658,1588
37659,5017
37660,1114
37661,1319
37662,892
37663,3776
37664,4048
37665,3757
37666,6962
37667,814
37668,188
37669,3362
37670,2017
37671,5311
37672,6898
37673,2593
37674,4937
37675,5896
37676,1970
37677,3835
37678,7245
37679,1419
37680,2532
37681,3032
37682,266
37683,785
37684,5384
37685,206
37686,3901
37687,2256
37688,6434
37689,2724
37690,4153
37691,1873
37692,2287
37693,3963
37694,2669
37695,2791
37696,3317
37697,6014
37698,1750
37699,3487
37700,7292
37701,6346
37702,1840
37703,7497
37704,3562
37705,6287
37706,2852
37707,5276
37708,1715
37709,855
37710,304
37711,3196
37712,1610
37713,5657
37714,7582
37715,4193
37716,6688
37717,7122
37718,4727
37719,2239
37720,469
37721,6699
37722,3300
37723,1682
37724,2581
37725,196
37726,2456
37727,3765
37728,449
37729,6598
37730,2636
37731,372
37732,6312
37733,7027
37734,3114
37735,2908
37736,5594
37737,3831
37738,4084
37739,4009
37740,1464
37741,638
37742,791
37743,1302
37744,4621
37745,539
37746,4043
37747,3381
37748,787
37749,6629
37750,6600
37751,4428
37752,1514
37753,2199
37754,891
37755,5723
37756,4993
37757,2149
37758,288
37759,1674
37760,1739
37761,3961
37762,6192
37763,1278
37764,6487
37765,3644
37766,214
37767,5697
37768,7260
37769,2390
37770,5606
37771,4419
37772,2457
37773,5124
37774,1556
37775,7020
37776,4245
37777,5544
37778,5781
37779,363
37780,6807
37781,1605
37782,6543
37783,4694
37784,5214
37785,191
37786,5858
37787,1292
37788,662
37789,5169
37790,3676
37791,6984
37792,3369
37793,3810
37794,6779
37795,6135
37796,2623
37797,426
37798,7459
37799,2988
37800,629
37801,6189
37802,4834
37803,701
37804,4602
37805,5411
37806,3639
37807,5523
37808,3000
37809,1800
37810,755
37811,4861
37812,4703
37813,5944
37814,2087
37815,6977
37816,2434
37817,2504
37818,7154
37819,1613
37820,7483
37821,6100
37822,931
37823,4673
37824,5173
37825,2300
37826,1091
37827,1618
37828,1655
37829,5762
37830,3445
37831,3117
37832,4045
37833,4825
37834,823
37835,6406
37836,7044
37837,2767
37838,4681
37839,5885
37840,5793
37841,4355
37842,2177
37843,1527
37844,2131
37845,3907
37846,487
37847,6964
37848,3789
37849,6745
37850,5630
37851,4733
37852,4477
37853,6039
37854,3502
37855,6547
37856,5600
37857,3208
37858,6698
37859,6668
37860,7402
37861,281
37862,6080
37863,7083
37864,1012
37865,1927
37866,267
37867,3352
37868,2015
37869,5400
37870,4168
37871,3450
37872,5420
37873,3287
37874,7389
37875,6946
37876,2543
37877,5433
37878,5280
37879,146
37880,2591
37881,4550
37882,3759
37883,5646
37884,1924
37885,1810
37886,7024
37887,3824
37888,1062
37889,2680
37890,5845
37891,7082
37892,5133
37893,6747
37894,5830
37895,3087
37896,6228
37897,3769
37898,6376
37899,6511
37900,1477
37901,644
37902,7443
37903,229
37904,2065
37905,5859
37906,115
37907,4430
37908,5963
37909,5967
37910,3173
37911,5860
37912,5887
37913,6374
37914,5454
37915,648
37916,6524
37917,3993
37918,5622
37919,602
37920,714
37921,5307
37922,2933
37923,1941
37924,388
37925,3241
37926,1305
37927,1149
37928,4024
37929,2911
37930,4805
37931,4133
37932,711
37933,4183
37934,4551
37935,2727
37936,5501
37937,6141
37938,7221
37939,2553
37940,128
37941,6611
37942,242
37943,373
37944,7436
37945,2610
37946,1491
37947,1373
37948,4736
37949,6864
37950,6982
37951,2743
37952,6758
37953,2938
37954,2985
37955,2184
37956,5295
37957,310
37958,2720
37959,5495
37960,447
37961,4776
37962,5485
37963,1228
37964,1670
37965,3446
37966,4221
37967,6460
37968,6042
37969,5518
37970,2000
37971,4027
37972,641
37973,2048
37974,6575
37975,7062
37976,7230
37977,5215
37978,1069
37979,5448
37980,7325
37981,6896
37982,7283
37983,3390
37984,6801
37985,4845
37986,462
37987,3906
37988,7293
37989,1430
37990,7458
37991,5767
37992,3106
37993,3410
37994,2039
37995,2667
37996,6430
37997,3350
37998,181
37999,4527
38000,4887
38001,6572
38002,6409
38003,758
38004,4116
38005,6253
38006,6164
38007,548
38008,5562
38009,522
38010,4068
38011,7241
38012,5261
38013,593
38014,3594
38015,3026
38016,2512
38017,6015
38018,2730
38019,5924
38020,295
38021,4827
38022,617
38023,4461
38024,3668
38025,4802
38026,2279
38027,1326
38028,3474
38029,385
38030,6985
38031,6931
38032,3432
38033,6685
38034,1427
38035,2963
38036,5093
38037,5892
38038,2424
38039,7331
38040,7525
38041,4922
38042,2889
38043,6620
38044,672
38045,3121
38046,3333
38047,3221
38048,6505
38049,6695
38050,5797
38051,2596
38052,2163
38053,2685
38054,4373
38055,1334
38056,2329
38057,6502
38058,316
38059,1197
38060,4081
38061,5450
38062,3591
38063,4440
38064,2797
38065,137
38066,2286
38067,2113
38068,4255
38069,1003
38070,3211
38071,105
38072,2389
38073,650
38074,4795
38075,5203
38076,323
38077,6673
38078,5396
38079,5187
38080,5865
38081,7456
38082,2234
38083,568
38084,4317
38085,3915
38086,108
38087,3542
38088,5929
38089,6833
38090,6748
38091,2642
38092,4021
38093,5653
38094,1460
38095,4614
38096,264
38097,2835
38098,6468
38099,3154
38100,1172
38101,2599
38102,1141
38103,3172
38104,5008
38105,5758
38106,2195
38107,2618
38108,2890
38109,4146
38110,6383
38111,6874
38112,6640
38113,2594
38114,3642
38115,3314
38116,6856
38117,4926
38118,6652
38119,4631
38120,5482
38121,7231
38122,2470
38123,2708
38124,1405
38125,5049
38126,4293
38127,4182
38128,4577
38129,5547
38130,4855
38131,2973
38132,1046
38133,6038
38134,1299
38135,2445
38136,1431
38137,341
38138,6610
38139,3630
38140,3981
38141,7467
38142,3483
38143,3042
38144,1644
38145,2066
38146,2725
38147,445
38148,6229
38149,2584
38150,2867
38151,125
38152,4533
38153,5101
38154,5897
38155,3198
38156,6725
38157,212
38158,7284
38159,5957
38160,2173
38161,6623
38162,3112
38163,5736
38164,6769
38165,4702
38166,5286
38167,1378
38168,577
38169,5319
38170,3127
38171,5949
38172,3612
38173,326
38174,3893
38175,6364
38176,4992
38177,6186
38178,5882
38179,6272
38180,3682
38181,7538
38182,1394
38183,3563
38184,6809
38185,1295
38186,6458
38187,700
38188,360
38189,3618
38190,6256
38191,4147
38192,7423
38193,5437
38194,569
38195,540
38196,1809
38197,3946
38198,745
38199,1803
38200,7474
38201,2643
38202,2292
38203,6527
38204,6366
38205,2224
38206,798
38207,6391
38208,2109
38209,852
38210,710
38211,4811
38212,6597
38213,4870
38214,5573
38215,7496
38216,1357
38217,4835
38218,5597
38219,6842
38220,7351
38221,661
38222,5013
38223,1758
38224,1696
38225,5712
38226,208
38227,2236
38228,4152
38229,2560
38230,6569
38231,2380
38232,2530
38233,2446
38234,6903
38235,870
38236,5680
38237,6897
38238,3191
38239,6589
38240,2695
38241,5575
38242,4357
38243,3066
38244,4498
38245,2538
38246,526
38247,5416
38248,1801
38249,4890
38250,7535
38251,733
38252,2158
38253,5839
38254,2090
38255,3865
38256,286
38257,3752
38258,6510
38259,4553
38260,3056
38261,2825
38262,7104
38263,1017
38264,357
38265,4389
38266,4534
38267,1369
38268,7152
38269,4653
38270,5525
38271,3607
38272,3575
38273,3867
38274,1243
38275,7554
38276,5901
38277,5115
38278,6987
38279,5999
38280,3955
38281,4508
38282,2461
38283,3259
38284,1448
38285,216
38286,2583
38287,7357
38288,1044
38289,6895
38290,6456
38291,5410
38292,4823
38293,2693
38294,3701
38295,2756
38296,500
38297,4732
38298,3344
38299,932
38300,5072
38301,6752
38302,1036
38303,3864
38304,6799
38305,6718
38306,3633
38307,351
38308,1986
38309,2957
38310,2252
38311,5375
38312,1486
38313,3663
38314,5390
38315,7100
38316,5326
38317,4260
38318,2205
38319,4911
38320,1489
38321,7504
38322,4739
38323,6159
38324,7531
38325,3386
38326,4258
38327,6393
38328,3463
38329,7400
38330,1063
38331,1249
38332,6749
38333,2206
38334,2057
38335,7480
38336,1403
38337,6831
38338,6906
38339,6844
38340,3791
38341,5389
38342,6730
38343,4394
38344,241
38345,5166
38346,7225
38347,3412
38348,4156
38349,7009
38350,6403
38351,4163
38352,6294
38353,4635
38354,4395
38355,135
38356,2449
38357,2433
38358,723
38359,7066
38360,5148
38361,5268
38362,4516
38363,810
38364,1915
38365,762
38366,942
38367,4525
38368,1038
38369,1991
38370,1749
38371,1965
38372,5445
38373,5939
38374,7175
38375,5650
38376,2021
38377,7549
38378,1022
38379,6908
38380,4574
38381,868
38382,7090
38383,3147
38384,5238
38385,7217
38386,6462
38387,6432
38388,6305
38389,5775
38390,1251
38391,2129
38392,4523
38393,724
38394,3863
38395,887
38396,4547
38397,1537
38398,7539
38399,5393
38400,1531
38401,2289
38402,7374
38403,4349
38404,5274
38405,686
38406,2202
38407,1347
38408,1643
38409,4359
38410,4994
38411,916
38412,3304
38413,3078
38414,6554
38415,6716
38416,528
38417,7138
38418,3303
38419,7567
38420,7144
38421,7542
38422,1509
38423,3336
38424,558
38425,170
38426,3720
38427,5499
38428,4323
38429,5991
38430,2809
38431,3257
38432,6108
38433,6281
38434,2692
38435,6606
38436,876
38437,3830
38438,4444
38439,2772
38440,3485
38441,1830
38442,6494
38443,1567
38444,7492
38445,2293
38446,6128
38447,2036
38448,3694
38449,2948
38450,1300
38451,4923
38452,7301
38453,4479
38454,5258
38455,6933
38456,2713
38457,1903
38458,499
38459,6459
38460,4138
38461,495
38462,3212
38463,3299
38464,4655
38465,2294
38466,4288
38467,5062
38468,6838
38469,1837
38470,3092
38471,4956
38472,4365
38473,4695
38474,6291
38475,7142
38476,4098
38477,5663
38478,2222
38479,7373
38480,1214
38481,4119
38482,5872
38483,7412
38484,7000
38485,239
38486,234
38487,5105
38488,4109
38489,431
38490,5561
38491,5576
38492,3674
38493,2265
38494,807
38495,2394
38496,4347
38497,1391
38498,3902
38499,5816
38500,6800
38501,7340
38502,416
38503,639
38504,869
38505,7065
38506,7446
38507,4649
38508,6826
38509,4226
38510,5893
38511,4452
38512,345
38513,5497
38514,261
38515,1237
38516,2916
38517,6123
38518,3802
38519,7101
38520,4442
38521,2517
38522,2956
38523,997
38524,7157
38525,2400
38526,485
38527,5407
38528,100
38529,368
38530,4270
38531,232
38532,2819
38533,6011
38534,5548
38535,582
38536,4324
38537,1236
38538,5153
38539,691
38540,2803
38541,2774
38542,3818
38543,3337
38544,4560
38545,1755
38546,180
38547,4064
38548,4425
38549,312
38550,3407
38551,6663
38552,976
38553,5406
38554,4557
38555,3894
38556,6314
38557,1268
38558,7229
38559,2622
38560,2657
38561,952
38562,6028
38563,4935
38564,1180
38565,7486
38566,2369
38567,6517
38568,7334
38569,3809
38570,7321
38571,337
38572,414
38573,2093
38574,5340
38575,1158
38576,4306
38577,6596
38578,5234
38579,4206
38580,6379
38581,3982
38582,5771
38583,772
38584,2721
38585,3662
38586,2075
38587,2336
38588,7509
38589,3509
38590,4208
38591,3743
38592,6644
38593,1388
38594,1671
38595,974
38596,1308
38597,2310
38598,3601
38599,953
38600,5828
38601,1099
38602,3044
38603,874
38604,5981
38605,1417
38606,6649
38607,3526
38608,2784
38609,580
38610,5031
38611,819
38612,3959
38613,7362
38614,555
38615,914
38616,1297
38617,126
38618,6395
38619,6154
38620,1649
38621,2523
38622,6529
38623,7079
38624,1598
38625,3672
38626,6454
38627,3166
38628,6532
38629,6858
38630,5492
38631,753
38632,7114
38633,2701
38634,1695
38635,3274
38636,2288
38637,3340
38638,7185
38639,1210
38640,2930
38641,6301
38642,5601
38643,607
38644,1546
38645,6007
38646,4650
38647,5849
38648,5368
38649,5863
38650,1787
38651,7499
38652,2348
38653,3665
38654,7167
38655,4868
38656,3854
38657,3371
38658,5327
38659,4857
38660,2257
38661,3109
38662,1134
38663,4563
38664,642
38665,1271
38666,4798
38667,5376
38668,6959
38669,7164
38670,7028
38671,5299
38672,6148
38673,3898
38674,220
38675,6207
38676,6578
38677,6768
38678,3467
38679,3222
38680,1721
38681,4261
38682,837
38683,254
38684,3957
38685,3624
38686,606
38687,879
38688,2493
38689,1420
38690,2925
38691,3732
38692,2945
38693,940
38694,3367
38695,7358
38696,5615
38697,194
38698,4031
38699,5627
38700,1376
38701,199
38702,5016
38703,5672
38704,3914
38705,4972
38706,4076
38707,6103
38708,7165
38709,2410
38710,384
38711,6095
38712,6942
38713,411
38714,2728
38715,6870
38716,2840
38717,7010
38718,1953
38719,7134
38720,1521
38721,2931
38722,5647
38723,6958
38724,4722
38725,4521
38726,612
38727,318
38728,4315
38729,4607
38730,4289
38731,2412
38732,1200
38733,1167
38734,551
38735,1907
38736,1476
38737,4828
38738,3771
38739,4601
38740,1218
38741,996
38742,142
38743,275
38744,6803
38745,1964
38746,4944
38747,5926
38748,4830
38749,5343
38750,3133
38751,541
38752,4786
38753,6772
38754,5922
38755,888
38756,7158
38757,2804
38758,5761
38759,1159
38760,7233
38761,3038
38762,127
38763,761
38764,3183
38765,4640
38766,4511
38767,7473
38768,1812
38769,1736
38770,6046
38771,992
38772,1510
38773,6731
38774,4059
38775,4129
38776,6209
38777,2376
38778,4308
38779,5328
38780,1648
38781,7253
38782,2682
38783,2763
38784,6059
38785,5114
38786,3227
38787,3533
38788,2407
38789,221
38790,6437
38791,5552
38792,5528
38793,2783
38794,223
38795,5643
38796,5256
38797,6474
38798,1778
38799,6230
38800,4360
38801,4744
38802,728
38803,3727
38804,3669
38805,2813
38806,4573
38807,7021
38808,5230
38809,2717
38810,3364
38811,6273
38812,7387
38813,1945
38814,988
38815,669
38816,2103
38817,497
38818,5832
38819,1127
38820,1311
38821,6277
38822,6782
38823,6925
38824,846
38825,5466
38826,4850
38827,7405
38828,4801
38829,2365
38830,5094
38831,5252
38832,2952
38833,2501
38834,3272
38835,7258
38836,6645
38837,6778
38838,6480
38839,490
38840,2340
38841,3356
38842,3994
38843,3037
38844,3527
38845,7546
38846,6533
38847,516
38848,2431
38849,2592
38850,1713
38851,2982
38852,2905
38853,5933
38854,7545
38855,1700
38856,1993
38857,7085
38858,5808
38859,1512
38860,4242
38861,4973
38862,5380
38863,553
38864,4042
38865,1327
38866,6607
38867,4140
38868,5190
38869,2671
38870,5486
38871,4971
38872,6185
38873,6949
38874,7069
38875,827
38876,6790
38877,3965
38878,1984
38879,7317
38880,7315
38881,2659
38882,1617
38883,1035
38884,147
38885,6389
38886,1434
38887,1711
38888,3777
38889,3084
38890,1179
38891,5147
38892,3853
38893,3107
38894,5285
38895,7418
38896,4983
38897,2778
38898,6787
38899,4301
38900,6071
38901,5546
38902,3653
38903,5175
38904,6601
38905,5427
38906,3559
38907,6062
38908,529
38909,1753
38910,6247
38911,1097
38912,5217
38913,681
38914,195
38915,5157
38916,4598
38917,3325
38918,1426
38919,308
38920,3551
38921,4179
38922,4998
38923,6910
38924,5969
38925,2108
38926,5174
38927,1881
38928,4779
38929,2135
38930,4824
38931,3018
38932,3346
38933,5912
38934,1934
38935,6199
38936,5109
38937,5110
38938,7037
38939,5350
38940,3579
38941,1858
38942,7049
38943,354
38944,6371
38945,5710
38946,3119
38947,6191
38948,6232
38949,398
38950,1169
38951,5037
38952,3974
38953,3586
38954,4676
38955,4101
38956,5759
38957,6363
38958,7094
38959,4706
38960,7135
38961,5822
38962,1704
38963,2391
38964,6515
38965,2789
38966,6283
38967,5979
38968,1899
38969,4874
38970,1346
38971,6605
38972,4812
38973,6767
38974,298
38975,624
38976,1994
38977,5987
38978,4590
38979,4443
38980,1717
38981,4674
38982,3003
38983,995
38984,1759
38985,493
38986,2468
38987,7484
38988,7254
38989,2991
38990,3541
38991,1209
38992,6796
38993,209
38994,4234
38995,6202
38996,2868
38997,4996
38998,1479
38999,3652
39000,2155
39001,1813
39002,2761
39003,2247
39004,1435
39005,2325
39006,7391
39007,4842
39008,1068
39009,2702
39010,3610
39011,7469
39012,3648
39013,1760
39014,1110
39015,1681
39016,3951
39017,1751
39018,2658
39019,119
39020,5036
39021,1213
39022,4953
39023,1522
39024,5862
39025,6717
39026,5853
39027,2548
39028,3347
39029,6139
39030,1393
39031,2053
39032,4006
39033,5669
39034,579
39035,2009
39036,415
39037,1796
39038,6343
39039,5058
39040,3394
39041,4398
39042,3703
39043,6996
39044,5582
39045,6594
39046,3206
39047,2150
39048,3339
39049,6538
39050,5348
39051,7530
39052,5265
39053,5920
39054,2664
39055,6347
39056,4800
39057,3434
39058,4814
39059,1077
39060,153
39061,6693
39062,1570
39063,2733
39064,2535
39065,3664
39066,425
39067,329
39068,1691
39069,7297
39070,4016
39071,2367
39072,1883
39073,921
39074,3820
39075,3709
39076,601
39077,822
39078,3718
39079,419
39080,3879
39081,6451
39082,5894
39083,3698
39084,5205
39085,2900
39086,2353
39087,2737
39088,7052
39089,2063
39090,7256
39091,2269
39092,435
39093,1432
39094,2652
39095,3380
39096,219
39097,136
39098,1338
39099,7189
39100,659
39101,4010
39102,5570
39103,280
39104,5074
39105,3167
39106,5227
39107,4431
39108,6546
39109,1632
39110,589
39111,1241
39112,1948
39113,985
39114,7017
39115,4300
39116,273
39117,1604
39118,5652
39119,4186
39120,7019
39121,3816
39122,4475
39123,6001
39124,3909
39125,4039
39126,6161
39127,774
39128,7054
39129,145
39130,4338
39131,4088
39132,1897
39133,7360
39134,4471
39135,565
39136,4876
39137,6359
39138,4592
39139,2609
39140,5899
39141,5792
39142,2744
39143,2221
39144,2275
39145,1922
39146,3460
39147,1340
39148,6846
39149,158
39150,6220
39151,6328
39152,5983
39153,6678
39154,7084
39155,2606
39156,7346
39157,2891
39158,4235
39159,1018
39160,3233
39161,4070
39162,3146
39163,1952
39164,2019
39165,6334
39166,1938
39167,3555
39168,2145
39169,6069
39170,3071
39171,6345
39172,4977
39173,878
39174,4086
39175,4680
39176,6257
39177,4145
39178,2954
39179,2997
39180,2980
39181,7086
39182,2381
39183,6664
39184,7153
39185,4938
39186,2863
39187,255
39188,904
39189,4090
39190,5146
39191,5098
39192,4615
39193,7524
39194,3507
39195,3150
39196,7179
39197,3048
39198,557
39199,4931
39200,6187
39201,5339
39202,3244
39203,623
39204,3401
39205,424
39206,1356
39207,6457
39208,1401
39209,377
39210,6023
39211,2694
39212,3577
39213,406
39214,1121
39215,6274
39216,1193
39217,401
39218,5003
39219,6242
39220,4772
39221,944
39222,7263
39223,3199
39224,7182
39225,6956
39226,2056
39227,1329
39228,3702
39229,786
39230,4160
39231,4517
39232,2632
39233,660
39234,5231
39235,3104
39236,6814
39237,2203
39238,2055
39239,4710
39240,6317
39241,7227
39242,2862
39243,4277
39244,4726
39245,2366
39246,6112
39247,7249
39248,5836
39249,4115
39250,2679
39251,600
39252,6540
39253,2311
39254,1526
39255,844
39256,6497
39257,6886
39258,4503
39259,2478
39260,3670
39261,5361
39262,4813
39263,4105
39264,2398
39265,6599
39266,236
39267,5711
39268,1821
39269,2016
39270,3609
39271,6612
39272,3143
39273,7161
39274,3249
39275,7099
39276,1339
39277,408
39278,4487
39279,3370
39280,2614
39281,1444
39282,5662
39283,5489
39284,3476
39285,1921
39286,1741
39287,3360
39288,4305
39289,2904
39290,3145
39291,3115
39292,6052
39293,4844
39294,6701
39295,5671
39296,6045
39297,2347
39298,2180
39299,6127
39300,1125
39301,973
39302,7123
39303,2842
39304,3470
39305,1407
39306,6010
39307,3755
39308,6057
39309,7502
39310,937
39311,6313
39312,1254
39313,4307
39314,7262
39315,4057
39316,3745
39317,2794
39318,1269
39319,6137
39320,3781
39321,2174
39322,7324
39323,2411
39324,2627
39325,7279
39326,7553
39327,2626
39328,6238
39329,5077
39330,3224
39331,2295
39332,5145
39333,2624
39334,1051
39335,1392
39336,6070
39337,2595
39338,5572
39339,5558
39340,2464
39341,3786
39342,1028
39343,4037
39344,5875
39345,534
39346,6788
39347,6643
39348,6270
39349,3098
39350,5251
39351,6879
39352,5620
39353,1766
39354,4106
39355,4075
39356,530
39357,3598
39358,5908
39359,2164
39360,4417
39361,6081
39362,5953
39363,2934
39364,116
39365,1624
39366,4651
39367,5864
39368,3163
39369,1590
39370,2008
39371,6974
39372,1878
39373,2068
39374,1580
39375,6218
39376,4597
39377,6074
39378,1920
39379,2371
39380,2363
39381,5357
39382,2542
39383,352
39384,7035
39385,6781
39386,6179
39387,7205
39388,1089
39389,3945
39390,6397
39391,7187
39392,5532
39393,7364
39394,6402
39395,1501
39396,5186
39397,3271
39398,5783
39399,6176
39400,5142
39401,166
39402,6158
39403,884
39404,2126
39405,4909
39406,2792
39407,1084
39408,1862
39409,5379
39410,5177
39411,3780
39412,2154
39413,893
39414,5506
39415,5025
39416,6083
39417,5980
39418,4698
39419,4738
39420,7186
39421,5654
39422,6862
39423,4509
39424,5229
39425,1901
39426,7445
39427,6763
39428,7056
39429,6056
39430,403
39431,1806
39432,7451
39433,4250
39434,4426
39435,5673
39436,7226
39437,162
39438,6469
39439,3496
39440,1482
39441,3242
39442,7368
39443,1126
39444,4780
39445,6362
39446,6566
39447,6940
39448,7381
39449,4325
39450,3799
39451,4281
39452,5061
39453,371
39454,2384
39455,801
39456,6005
39457,7562
39458,3908
39459,5846
39460,5641
39461,6091
39462,6093
39463,7151
39464,4201
39465,596
39466,1898
39467,3825
39468,5143
39469,6811
39470,4677
39471,5329
39472,2246
39473,6990
39474,1552
39475,3207
39476,877
39477,4873
39478,3635
39479,5305
39480,4777
39481,3557
39482,184
39483,6492
39484,1194
39485,1129
39486,1367
39487,6417
39488,1441
39489,5542
39490,3141
39491,374
39492,4361
39493,287
39494,4729
39495,5563
39496,6360
39497,4339
39498,5970
39499,1469
39500,5208
39501,4083
39502,2038
39503,502
39504,2617
39505,1259
39506,2216
39507,6441
39508,6385
39509,6132
39510,437
39511,3465
39512,3690
39513,4976
39514,7265
39515,1205
39516,5366
39517,2865
39518,4537
39519,1225
39520,2820
39521,3887
39522,5455
39523,6854
39524,5086
39525,4212
39526,2260
39527,7070
39528,2877
39529,2736
39530,3956
39531,6013
39532,3972
39533,5835
39534,4362
39535,3423
39536,1217
39537,3105
39538,5431
39539,4144
39540,1513
39541,1710
39542,2739
39543,5596
39544,5038
39545,3510
39546,2382
39547,2899
39548,839
39549,4528
39550,5113
39551,1272
39552,2722
39553,3025
39554,2013
39555,1361
39556,405
39557,1174
39558,6415
39559,5464
39560,7194
39561,7190
39562,144
39563,7196
39564,3113
39565,6156
39566,3402
39567,5749
39568,1406
39569,1790
39570,3980
39571,3260
39572,1968
39573,5747
39574,3326
39575,732
39576,3275
39577,4632
39578,473
39579,4816
39580,6627
39581,621
39582,5085
39583,6861
39584,6661
39585,4589
39586,7312
39587,3860
39588,2738
39589,3414
39590,5976
39591,227
39592,4290
39593,3513
39594,2880
39595,3499
39596,1061
39597,1223
39598,6029
39599,2127
39600,5099
39601,5041
39602,1170
39603,2775
39604,6513
39605,4420
39606,6813
39607,4656
39608,302
39609,3923
39610,806
39611,946
39612,5971
39613,746
39614,7089
39615,1074
39616,361
39617,896
39618,3872
39619,4220
39620,1716
39621,5176
39622,6703
39623,6960
39624,5468
39625,1146
39626,922
39627,4069
39628,608
39629,4382
39630,2741
39631,741
39632,1607
39633,3318
39634,5436
39635,4767
39636,917
39637,2932
39638,1471
39639,2052
39640,1093
39641,7515
39642,3062
39643,618
39644,1152
39645,3560
39646,4502
39647,6122
39648,4515
39649,2245
39650,7501
39651,412
39652,6771
39653,5194
39654,2999
39655,1868
39656,6160
39657,6171
39658,3067
39659,1107
39660,4066
39661,3373
39662,4506
39663,150
39664,6067
39665,7252
39666,2345
39667,2539
39668,709
39669,5618
39670,2771
39671,1234
39672,6250
39673,2051
39674,4251
39675,386
39676,5604
39677,651
39678,6024
39679,4840
39680,2674
39681,5479
39682,5956
39683,6298
39684,5543
39685,4766
39686,3391
39687,3919
39688,5122
39689,7574
39690,4725
39691,6239
39692,5508
39693,5605
39694,4232
39695,2656
39696,2764
39697,7528
39698,2313
39699,603
39700,1263
39701,2882
39702,536
39703,1955
39704,6134
39705,594
39706,2459
39707,2522
39708,2115
39709,276
39710,5378
39711,4372
39712,1863
39713,533
39714,512
39715,3368
39716,7247
39717,6482
39718,783
39719,2829
39720,1826
39721,1337
39722,1944
39723,3833
39724,3827
39725,5843
39726,6841
39727,6297
39728,1976
39729,2712
39730,7199
39731,2098
39732,2787
39733,3316
39734,6130
39735,915
39736,6915
39737,7255
39738,2104
39739,3749
39740,4166
39741,5303
39742,2620
39743,1273
39744,4080
39745,6591
39746,2545
39747,3438
39748,3561
39749,3095
39750,716
39751,6316
39752,1802
39753,3162
39754,3611
39755,885
39756,3128
39757,1622
39758,4892
39759,465
39760,4782
39761,3528
39762,6628
39763,5769
39764,4797
39765,4241
39766,7238
39767,2314
39768,3973
39769,2947
39770,3798
39771,269
39772,2062
39773,1461
39774,442
39775,2182
39776,2847
39777,6058
39778,7237
39779,3748
39780,7555
39781,2241
39782,6061
39783,4647
39784,7385
39785,4055
39786,3636
39787,5232
39788,101
39789,5308
39790,912
39791,6348
39792,4082
39793,1242
39794,2413
39795,3632
39796,274
39797,7274
39798,1173
39799,675
39800,5530
39801,250
39802,4761
39803,1754
39804,6096
39805,4385
39806,5075
39807,4841
39808,5125
39809,5471
39810,4699
39811,4881
39812,483
39813,3429
39814,3009
39815,4974
39816,2675
39817,5791
39818,742
39819,7207
39820,2220
39821,7127
39822,2237
39823,4150
39824,3023
39825,2665
39826,7556
39827,6311
39828,7202
39829,2471
39830,5165
39831,1336
39832,5813
39833,964
39834,6248
39835,5168
39836,4769
39837,4445
39838,3036
39839,6351
39840,1123
39841,924
39842,5910
39843,550
39844,1913
39845,899
39846,2436
39847,6197
39848,6965
39849,475
39850,1990
39851,5344
39852,2662
39853,535
39854,5973
39855,1399
39856,4051
39857,947
39858,7004
39859,3120
39860,5794
39861,1463
39862,2677
39863,5159
39864,2267
39865,803
39866,6166
39867,4753
39868,7433
39869,707
39870,5609
39871,6823
39872,2405
39873,1805
39874,3059
39875,6165
39876,3281
39877,5911
39878,1723
39879,1599
39880,5315
39881,1002
39882,160
39883,7063
39884,3932
39885,3258
39886,6694
39887,5476
39888,4187
39889,4197
39890,769
39891,828
39892,2640
39893,6929
39894,3039
39895,507
39896,6815
39897,960
39898,3622
39899,2629
39900,2479
39901,432
39902,4028
39903,5945
39904,673
39905,4319
39906,3254
39907,2004
39908,346
39909,4248
39910,5779
39911,4731
39912,929
39913,4222
39914,4497
39915,4833
39916,5009
39917,1954
39918,7438
39919,1875
39920,2660
39921,7394
39922,7327
39923,5002
39924,5788
39925,2276
39926,4482
39927,6669
39928,4071
39929,2404
39930,4549
39931,4888
39932,7032
39933,6914
39934,5154
39935,6819
39936,3492
39937,2768
39938,3383
39939,3164
39940,362
39941,1039
39942,4340
39943,619
39944,1733
39945,5706
39946,1701
39947,2552
39948,5103
39949,6565
39950,457
39951,244
39952,4975
39953,215
39954,3750
39955,566
39956,6559
39957,1843
39958,1473
39959,6957
39960,4312
39961,2960
39962,6258
39963,7435
39964,6602
39965,4920
39966,3230
39967,2648
39968,6496
39969,4644
39970,4526
39971,3739
39972,3564
39973,7487
39974,3685
39975,1137
39976,5381
39977,5801
39978,6082
39979,2447
39980,7150
39981,4286
39982,6481
39983,521
39984,3730
39985,6221
39986,2521
39987,4192
39988,7352
39989,3593
39990,3740
39991,605
39992,4247
39993,6477
39994,6616
39995,6079
39996,1838
39997,7036
39998,7314
39999,3148
40000,203
40001,1331
40002,3255
40003,5438
40004,6245
40005,3138
40006,6419
40007,930
40008,5269
40009,1350
40010,1888
40011,2227
40012,2928
40013,5330
40014,4194
40015,4507
40016,2266
40017,5370
40018,6989
40019,6338
40020,7117
40021,4584
40022,4311
40023,1027
40024,2031
40025,3055
40026,1466
40027,3808
40028,1024
40029,1912
40030,7271
40031,4929
40032,6853
40033,913
40034,5347
40035,2328
40036,4912
40037,348
40038,1849
40039,1145
40040,2534
40041,552
40042,6463
40043,3074
40044,5790
40045,1975
40046,2167
40047,1188
40048,6677
40049,4246
40050,7222
40051,4404
40052,3677
40053,950
40054,933
40055,6075
40056,3313
40057,5655
40058,3047
40059,6111
40060,6672
40061,2524
40062,5554
40063,792
40064,4026
40065,1974
40066,3428
40067,2718
40068,3264
40069,6776
40070,4446
40071,4616
40072,5117
40073,2320
40074,2676
40075,6963
40076,1071
40077,3823
40078,2474
40079,4077
40080,2146
40081,7137
40082,6231
40083,6333
40084,6174
40085,4943
40086,2317
40087,542
40088,7162
40089,7572
40090,1166
40091,5985
40092,5297
40093,857
40094,3839
40095,2480
40096,1666
40097,6365
40098,5942
40099,1494
40100,7178
40101,2520
40102,3379
40103,6143
40104,7477
40105,3947
40106,6145
40107,5372
40108,3768
40109,7355
40110,6267
40111,561
40112,4162
40113,4033
40114,5978
40115,6576
40116,5510
40117,4218
40118,1310
40119,1575
40120,2845
40121,5831
40122,3308
40123,2462
40124,369
40125,2827
40126,3731
40127,6872
40128,440
40129,6268
40130,1525
40131,1219
40132,202
40133,3329
40134,3427
40135,2798
40136,262
40137,245
40138,2043
40139,3396
40140,4401
40141,7192
40142,1708
40143,6937
40144,4469
40145,1662
40146,6530
40147,674
40148,4678
40149,3742
40150,726
40151,3999
40152,2849
40153,4576
40154,5179
40155,1094
40156,3805
40157,1449
40158,5294
40159,698
40160,7181
40161,5763
40162,7428
40163,570
40164,3349
40165,811
40166,5984
40167,2415
40168,5819
40169,2989
40170,1971
40171,7236
40172,6506
40173,154
40174,2645
40175,6536
40176,5709
40177,4097
40178,1597
40179,727
40180,2894
40181,7533
40182,1014
40183,3439
40184,112
40185,5163
40186,7371
40187,4421
40188,4619
40189,7081
40190,5593
40191,6744
40192,4035
40193,2132
40194,2120
40195,5966
40196,777
40197,3267
40198,5418
40199,2401
40200,2485
40201,7569
40202,3080
40203,1757
40204,3905
40205,5873
40206,6911
40207,6561
40208,2071
40209,3862
40210,2318
40211,2081
40212,853
40213,5444
40214,4227
40215,6719
40216,781
40217,4719
40218,5354
40219,3779
40220,3746
40221,4184
40222,5610
40223,5935
40224,2895
40225,7571
40226,3772
40227,1998
40228,1547
40229,7029
40230,4559
40231,3896
40232,1889
40233,3574
40234,1727
40235,355
40236,5811
40237,6753
40238,4723
40239,5425
40240,4858
40241,3065
40242,5189
40243,6548
40244,5272
40245,6859
40246,1685
40247,5237
40248,294
40249,4572
40250,1541
40251,2460
40252,4771
40253,3680
40254,5481
40255,2507
40256,6368
40257,5463
40258,2497
40259,6877
40260,5465
40261,5968
40262,6837
40263,4005
40264,4155
40265,3717
40266,966
40267,3031
40268,3983
40269,1143
40270,1106
40271,3435
40272,3472
40273,1555
40274,6280
40275,7060
40276,6418
40277,2341
40278,4717
40279,6636
40280,1628
40281,3291
40282,898
40283,1235
40284,2440
40285,6438
40286,609
40287,4809
40288,4907
40289,2755
40290,5871
40291,5514
40292,2403
40293,6641
40294,3351
40295,875
40296,3180
40297,5746
40298,5583
40299,943
40300,5233
40301,6621
40302,5383
40303,7213
40304,3298
40305,1475
40306,4266
40307,6711
40308,6088
40309,3516
40310,6215
40311,5541
40312,4580
40313,5309
40314,3859
40315,5611
40316,4329
40317,152
40318,6991
40319,301
40320,1764
40321,3628
40322,1933
40323,6845
40324,5111
40325,2302
40326,5324
40327,1665
40328,1860
40329,4544
40330,7272
40331,666
40332,4185
40333,4371
40334,4724
40335,4962
40336,5529
40337,1579
40338,4422
40339,2024
40340,1906
40341,4040
40342,2597
40343,2249
40344,6676
40345,7579
40346,1280
40347,5786
40348,1776
40349,5820
40350,4837
40351,1847
40352,366
40353,2860
40354,4768
40355,6905
40356,1865
40357,4094
40358,3019
40359,6144
40360,6804
40361,1256
40362,4313
40363,3556
40364,7420
40365,5053
40366,3387
40367,4439
40368,5432
40369,5423
40370,993
40371,7067
40372,4878
40373,2312
40374,4552
40375,6211
40376,5021
40377,872
40378,1929
40379,3215
40380,4353
40381,6707
40382,2001
40383,407
40384,3046
40385,5998
40386,6702
40387,6450
40388,2349
40389,1335
40390,7481
40391,4867
40392,1462
40393,6416
40394,2095
40395,3800
40396,5212
40397,3524
40398,7463
40399,5204
40400,6194
40401,4693
40402,5886
40403,640
40404,5854
40405,367
40406,2007
40407,7306
40408,7125
40409,1322
40410,6155
40411,3330
40412,2673
40413,1698
40414,7215
40415,6117
40416,7534
40417,6131
40418,6818
40419,4284
40420,3015
40421,7310
40422,7370
40423,5293
40424,6579
40425,134
40426,1096
40427,2806
40428,6508
40429,5658
40430,7031
40431,1565
40432,5516
40433,5626
40434,1587
40435,747
40436,4253
40437,5585
40438,4161
40439,1437
40440,5952
40441,1728
40442,715
40443,4799
40444,3726
40445,6335
40446,4568
40447,4936
40448,4142
40449,1296
40450,5732
40451,6036
40452,1658
40453,246
40454,679
40455,2304
40456,2482
40457,4333
40458,5874
40459,7476
40460,6019
40461,1719
40462,4757
40463,1304
40464,4276
40465,7159
40466,5156
40467,5028
40468,6479
40469,7303
40470,2529
40471,5220
40472,4672
40473,2886
40474,795
40475,3103
40476,5236
40477,2518
40478,7124
40479,5210
40480,2190
40481,3028
40482,6521
40483,1675
40484,1887
40485,5640
40486,1823
40487,2333
40488,3997
40489,821
40490,2907
40491,5580
40492,6384
40493,7126
40494,3882
40495,4898
40496,3374
40497,1165
40498,392
40499,1261
40500,2425
40501,936
40502,830
40503,129
40504,1520
40505,7338
40506,7356
40507,6465
40508,3124
40509,4603
40510,7143
40511,5989
40512,5946
40513,5283
40514,3459
40515,1641
40516,1896
40517,2226
40518,200
40519,7588
40520,5385
40521,7350
40522,6114
40523,7511
40524,7505
40525,1248
40526,6152
40527,6835
40528,6953
40529,559
40530,627
40531,2978
40532,6549
40533,3283
40534,1119
40535,4036
40536,428
40537,6971
40538,4065
40539,6587
40540,2157
40541,2395
40542,2572
40543,3231
40544,1634
40545,3277
40546,1818
40547,2187
40548,1519
40549,6349
40550,2940
40551,4386
40552,1668
40553,5304
40554,4093
40555,6295
40556,6590
40557,1266
40558,6355
40559,5422
40560,3297
40561,3123
40562,6411
40563,1019
40564,6924
40565,7523
40566,5439
40567,178
40568,342
40569,1457
40570,3627
40571,4462
40572,7337
40573,296
40574,4684
40575,5088
40576,6947
40577,4285
40578,1735
40579,3741
40580,4562
40581,4159
40582,2322
40583,1286
40584,4851
40585,6124
40586,7080
40587,3086
40588,1128
40589,2338
40590,6662
40591,5057
40592,4472
40593,7363
40594,5257
40595,3116
40596,3355
40597,6832
40598,6765
40599,4236
40600,3596
40601,3497
40602,5750
40603,735
40604,4565
40605,1052
40606,4908
40607,7349
40608,1884
40609,2716
40610,717
40611,5703
40612,4091
40613,4629
40614,5684
40615,7455
40616,3137
40617,6900
40618,6715
40619,6017
40620,3089
40621,7025
40622,3813
40623,1832
40624,7014
40625,5716
40626,556
40627,5130
40628,2122
40629,6850
40630,5335
40631,1827
40632,6635
40633,3310
40634,389
40635,5996
40636,1573
40637,3687
40638,5577
40639,6183
40640,1748
40641,2844
40642,6048
40643,6009
40644,2707
40645,5070
40646,6394
40647,5296
40648,2254
40649,124
40650,4770
40651,5815
40652,6491
40653,1382
40654,7016
40655,834
40656,1244
40657,1732
40658,6986
40659,4451
40660,1191
40661,4460
40662,3122
40663,2563
40664,4587
40665,1176
40666,2491
40667,3216
40668,3868
40669,1551
40670,4862
40671,3324
40672,4249
40673,237
40674,4229
40675,3640
40676,1381
40677,2428
40678,2769
40679,1667
40680,1164
40681,3341
40682,6544
40683,4441
40684,2099
40685,3801
40686,2262
40687,1333
40688,7507
40689,6913
40690,422
40691,2337
40692,1558
40693,2577
40694,3490
40695,923
40696,7369
40697,3099
40698,6180
40699,2964
40700,461
40701,2018
40702,4393
40703,4756
40704,2936
40705,812
40706,2576
40707,2812
40708,6263
40709,3282
40710,2962
40711,6820
40712,4891
40713,3995
40714,7118
40715,2705
40716,328
40717,7392
40718,5373
40719,5045
40720,6690
40721,1515
40722,3111
40723,5766
40724,2571
40725,5748
40726,3796
40727,2561
40728,6020
40729,2975
40730,7018
40731,6955
40732,7353
40733,3494
40734,3666
40735,402
40736,2515
40737,4667
40738,7264
40739,3891
40740,818
40741,1150
40742,3948
40743,7042
40744,6353
40745,3861
40746,5729
40747,5814
40748,6528
40749,1033
40750,3484
40751,1102
40752,2554
40753,6475
40754,5055
40755,1389
40756,2035
40757,2902
40758,2418
40759,4569
40760,4257
40761,3875
40762,5399
40763,5868
40764,4532
40765,213
40766,7578
40767,2699
40768,1481
40769,7564
40770,5913
40771,6464
40772,3537
40773,7184
40774,2080
40775,2117
40776,7550
40777,6630
40778,7059
40779,1144
40780,2684
40781,4122
40782,1815
40783,7166
40784,6408
40785,6847
40786,604
40787,3097
40788,4950
40789,4104
40790,1274
40791,754
40792,4558
40793,7198
40794,883
40795,6734
40796,7110
40797,1267
40798,1220
40799,2238
40800,5494
40801,2290
40802,4705
40803,5345
40804,5435
40805,5990
40806,2291
40807,7563
40808,2710
40809,4675
40810,217
40811,1560
40812,554
40813,4223
40814,5696
40815,4396
40816,6420
40817,2834
40818,4464
40819,7489
40820,5677
40821,3774
40822,460
40823,5266
40824,5923
40825,5972
40826,282
40827,5397
40828,749
40829,5249
40830,1303
40831,1215
40832,5474
40833,4728
40834,1203
40835,1804
40836,5727
40837,1816
40838,4622
40839,2027
40840,2097
40841,2953
40842,3505
40843,314
40844,4685
40845,7145
40846,511
40847,5848
40848,5415
40849,6938
40850,6686
40851,7204
40852,1472
40853,2929
40854,4575
40855,7559
40856,324
40857,1619
40858,6350
40859,748
40860,4219
40861,965
40862,5708
40863,7234
40864,3157
40865,6321
40866,2029
40867,1789
40868,2274
40869,5026
40870,1294
40871,4752
40872,5080
40873,3536
40874,5419
40875,5628
40876,5377
40877,2372
40878,7485
40879,776
40880,815
40881,6065
40882,3064
40883,3637
40884,4272
40885,1978
40886,1201
40887,1451
40888,3658
40889,5282
40890,7291
40891,788
40892,1443
40893,3996
40894,6237
40895,5006
40896,172
40897,5515
40898,6892
40899,5721
40900,1436
40901,744
40902,300
40903,3020
40904,4784
40905,4712
40906,7399
40907,271
40908,5520
40909,4383
40910,5881
40911,1647
40912,4095
40913,6979
40914,2807
40915,5409
40916,6107
40917,7302
40918,198
40919,4189
40920,655
40921,2878
40922,2866
40923,4741
40924,2649
40925,4423
40926,1763
40927,179
40928,4405
40929,2137
40930,2278
40931,2102
40932,5155
40933,7034
40934,6680
40935,3378
40936,1731
40937,6868
40938,3171
40939,6201
40940,2810
40941,4747
40942,5240
40943,2185
40944,5774
40945,4310
40946,240
40947,1076
40948,2153
40949,1777
40950,4213
40951,1729
40952,802
40953,4948
40954,6157
40955,443
40956,6077
40957,441
40958,7503
40959,4966
40960,2490
40961,3021
40962,3880
40963,6398
40964,7376
40965,5595
40966,689
40967,6387
40968,2183
40969,3667
40970,2119
40971,3638
40972,1958
40973,2788
40974,6000
40975,5044
40976,3269
40977,3421
40978,2481
40979,5909
40980,322
40981,6461
40982,2628
40983,5004
40984,4686
40985,6085
40986,2258
40987,1743
40988,6816
40989,5742
40990,2793
40991,1690
40992,3728
40993,6822
40994,3161
40995,2351
40996,2920
40997,4758
40998,1207
40999,5564
41000,6072
41001,4050
41002,3027
41003,4927
41004,6741
41005,7050
41006,4292
41007,3384
41008,1320
41009,1042
41010,1072
41011,2357
41012,3836
41013,1637
41014,6970
41015,5916
41016,3223
41017,4918
41018,2514
41019,1341
41020,6617
41021,5782
41022,4623
41023,6092
41024,2123
41025,873
41026,1623
41027,3219
41028,2208
41029,5447
41030,890
41031,2408
41032,7276
41033,1047
41034,1589
41035,5586
41036,4865
41037,4817
41038,6445
41039,6724
41040,4175
41041,1554
41042,3714
41043,6133
41044,350
41045,3073
41046,6500
41047,218
41048,1470
41049,3950
41050,790
41051,6810
41052,1058
41053,6998
41054,2688
41055,6836
41056,4491
41057,2770
41058,1846
41059,6976
41060,6121
41061,3372
41062,2331
41063,5965
41064,4350
41065,3049
41066,6665
41067,6120
41068,5245
41069,1255
41070,6721
41071,5491
41072,436
41073,1221
41074,3565
41075,4903
41076,3140
41077,3005
41078,1105
41079,2780
41080,6904
41081,3301
41082,3944
41083,297
41084,3588
41085,2811
41086,6310
41087,3382
41088,2191
41089,2850
41090,3110
41091,4354
41092,470
41093,3108
41094,6866
41095,439
41096,2128
41097,5413
41098,2437
41099,520
41100,6240
41101,7275
41102,4775
41103,133
41104,2212
41105,6618
41106,1904
41107,3169
41108,5555
41109,5898
41110,3090
41111,7092
41112,1657
41113,4001
41114,7488
41115,6583
41116,132
41117,3126
41118,2961
41119,7148
41120,4102
41121,1323
41122,164
41123,6657
41124,454
41125,6624
41126,6055
41127,1781
41128,918
41129,560
41130,2871
41131,1148
41132,1306
41133,2002
41134,1445
41135,4380
41136,6473
41137,7298
41138,7174
41139,2714
41140,3927
41141,5158
41142,4522
41143,6486
41144,356
41145,2551
41146,468
41147,882
41148,3213
41149,6761
41150,5014
41151,3719
41152,4871
41153,3938
41154,6855
41155,5247
41156,5936
41157,7516
41158,4957
41159,6227
41160,720
41161,3131
41162,1925
41163,2966
41164,3200
41165,2753
41166,5624
41167,6276
41168,4612
41169,1983
41170,1133
41171,2655
41172,249
41173,2054
41174,3399
41175,6507
41176,1353
41177,2207
41178,1187
41179,865
41180,6975
41181,4336
41182,3320
41183,2759
41184,3068
41185,3457
41186,2715
41187,4044
41188,1386
41189,2181
41190,4278
41191,4639
41192,3022
41193,2392
41194,3220
41195,1714
41196,2136
41197,2742
41198,5137
41199,1397
41200,3523
41201,2814
41202,5587
41203,4970
41204,5599
41205,2585
41206,5067
41207,1190
41208,4351
41209,1442
41210,3826
41211,3451
41212,3493
41213,1540
41214,7311
41215,2776
41216,3441
41217,2970
41218,1067
41219,5255
41220,3605
41221,6431
41222,831
41223,3699
41224,6151
41225,1400
41226,2573
41227,4058
41228,6995
41229,7098
41230,2049
41231,6637
41232,1374
41233,6076
41234,6336
41235,2726
41236,3962
41237,3478
41238,637
41239,5707
41240,1177
41241,5291
41242,4595
41243,7577
41244,3858
41245,3338
41246,6894
41247,6580
41248,5768
41249,1314
41250,6315
41251,2046
41252,3829
41253,5649
41254,4314
41255,4326
41256,3265
41257,5867
41258,6609
41259,2668
41260,3604
41261,630
41262,1744
41263,2528
41264,5382
41265,1517
41266,5876
41267,3294
41268,3660
41269,2486
41270,6876
41271,6945
41272,4127
41273,5866
41274,5877
41275,4410
41276,1082
41277,6216
41278,4594
41279,5659
41280,1246
41281,5221
41282,5731
41283,3778
41284,5121
41285,4689
41286,7220
41287,1535
41288,2086
41289,1568
41290,193
41291,6098
41292,4746
41293,2475
41294,2242
41295,3966
41296,6827
41297,6034
41298,4701
41299,6888
41300,1088
41301,7111
41302,1616
41303,2990
41304,1663
41305,3967
41306,2458
41307,5602
41308,4413
41309,767
41310,1055
41311,1195
41312,6687
41313,6696
41314,4267
41315,5402
41316,692
41317,4205
41318,6203
41319,6119
41320,2959
41321,5193
41322,2487
41323,1722
41324,2892
41325,5118
41326,1770
41327,6729
41328,1138
41329,6875
41330,6671
41331,894
41332,6978
41333,1433
41334,1651
41335,1504
41336,820
41337,1660
41338,1257
41339,7390
41340,3335
41341,3913
41342,3900
41343,1409
41344,4648
41345,2454
41346,6691
41347,3929
41348,5511
41349,1979
41350,7128
41351,5800
41352,7417
41353,3312
41354,3498
41355,6016
41356,2557
41357,3093
41358,5821
41359,3185
41360,4952
41361,841
41362,826
41363,6153
41364,2986
41365,3466
41366,1301
41367,5082
41368,5019
41369,3762
41370,4955
41371,4459
41372,3100
41373,6499
41374,7106
41375,6022
41376,3278
41377,6981
41378,5091
41379,3096
41380,257
41381,3518
41382,5679
41383,5332
41384,782
41385,6817
41386,1496
41387,2917
41388,359
41389,3817
41390,4986
41391,6516
41392,1543
41393,3094
41394,7583
41395,7251
41396,4947
41397,5132
41398,6646
41399,3754
41400,2402
41401,4930
41402,734
41403,4215
41404,3616
41405,4224
41406,676
41407,4302
41408,3629
41409,4366
41410,2079
41411,840
41412,510
41413,1811
41414,2469
41415,1289
41416,3091
41417,2162
41418,3419
41419,5467
41420,3503
41421,5560
41422,1456
41423,1192
41424,592
41425,3229
41426,5603
41427,4243
41428,2919
41429,1113
41430,5607
41431,584
41432,684
41433,3514
41434,2020
41435,5519
41436,5040
41437,2723
41438,3409
41439,1163
41440,7379
41441,7173
41442,5592
41443,6044
41444,5567
41445,752
41446,5995
41447,4085
41448,5549
41449,2010
41450,4092
41451,5184
41452,1189
41453,3125
41454,6920
41455,6867
41456,5613
41457,6296
41458,3101
41459,6222
41460,1395
41461,3623
41462,2218
41463,2977
41464,5183
41465,6235
41466,4172
41467,4198
41468,7398
41469,4283
41470,3570
41471,6541
41472,2435
41473,5745
41474,3877
41475,1171
41476,2635
41477,1343
41478,1853
41479,3933
41480,4240
41481,2752
41482,6666
41483,258
41484,3964
41485,6919
41486,1886
41487,1780
41488,5478
41489,6863
41490,5720
41491,864
41492,2240
41493,7130
41494,2250
41495,6427
41496,6681
41497,2463
41498,7259
41499,5931
41500,6626
41501,2112
41502,2156
41503,7440
41504,1212
41505,7038
41506,4570
41507,5228
41508,197
41509,2284
41510,939
41511,1577
41512,1553
41513,6290
41514,6498
41515,1480
41516,5504
41517,7439
41518,2974
41519,3758
41520,2569
41521,5128
41522,4390
41523,513
41524,1654
41525,7508
41526,7576
41527,5838
41528,5717
41529,4332
41530,450
41531,6973
41532,6936
41533,3235
41534,2040
41535,6839
41536,2566
41537,151
41538,7057
41539,4190
41540,7560
41541,3650
41542,3573
41543,4322
41544,2547
41545,1549
41546,4864
41547,2574
41548,167
41549,4939
41550,5096
41551,5202
41552,2821
41553,277
41554,1550
41555,3002
41556,2175
41557,5812
41558,6710
41559,3874
41560,2094
41561,4951
41562,4969
41563,1961
41564,1474
41565,2876
41566,3589
41567,5639
41568,1928
41569,1277
41570,3683
41571,668
41572,3069
41573,3433
41574,5698
41575,5104
41576,2014
41577,1490
41578,938
41579,5724
41580,1368
41581,4141
41582,3243
41583,6008
41584,2096
41585,6226
41586,4546
41587,1342
41588,5035
41589,2144
41590,1227
41591,3811
41592,4458
41593,5507
41594,1418
41595,2204
41596,3606
41597,1824
41598,5018
41599,1495
41600,1416
41601,2176
41602,2731
41603,2700
41604,4749
41605,991
41606,911
41607,549
41608,1557
41609,4530
41610,3975
41611,2942
41612,243
41613,4668
41614,6754
41615,3406
41616,3395
41617,2130
41618,156
41619,871
41620,7250
41621,1703
41622,5690
41623,5483
41624,6190
41625,2196
41626,1680
41627,6424
41628,7047
41629,7200
41630,1186
41631,2704
41632,4111
41633,6993
41634,339
41635,4542
41636,3935
41637,3508
41638,6713
41639,4654
41640,187
41641,1162
41642,305
41643,3991
41644,1021
41645,3424
41646,1095
41647,886
41648,2782
41649,2299
41650,4748
41651,1586
41652,2559
41653,3471
41654,1937
41655,1053
41656,2823
41657,7409
41658,4807
41659,3806
41660,6551
41661,501
41662,4826
41663,6613
41664,7465
41665,6234
41666,6410
41667,1864
41668,5796
41669,7039
41670,6825
41671,1101
41672,3246
41673,6405
41674,7565
41675,6125
41676,2172
41677,4495
41678,1100
41679,3405
41680,3201
41681,731
41682,5360
41683,3722
41684,1037
41685,4513
41686,5581
41687,3468
41688,1008
41689,3925
41690,1355
41691,2903
41692,5161
41693,563
41694,5834
41695,1947
41696,1855
41697,3034
41698,343
41699,6470
41700,5300
41701,5198
41702,6604
41703,3359
41704,4013
41705,4548
41706,7506
41707,3328
41708,4715
41709,1640
41710,4271
41711,2251
41712,6658
41713,6236
41714,2385
41715,1030
41716,3307
41717,4139
41718,4343
41719,423
41720,3182
41721,7372
41722,7408
41723,518
41724,4561
41725,5462
41726,7147
41727,1375
41728,5948
41729,1198
41730,2228
41731,2414
41732,6225
41733,2800
41734,3684
41735,5356
41736,2280
41737,4999
41738,5288
41739,7512
41740,4554
41741,2114
41742,6308
41743,1370
41744,6743
41745,4531
41746,2100
41747,962
41748,7290
41749,5015
41750,3035
41751,3705
41752,230
41753,2261
41754,2140
41755,7434
41756,4297
41757,2836
41758,7444
41759,7129
41760,2334
41761,2473
41762,4131
41763,2995
41764,2864
41765,3158
41766,444
41767,265
41768,3884
41769,7527
41770,498
41771,6068
41772,1783
41773,1839
41774,7388
41775,5135
41776,5578
41777,4060
41778,1782
41779,2354
41780,4818
41781,6184
41782,7168
41783,4707
41784,3634
41785,3934
41786,2134
41787,2160
41788,169
41789,5391
41790,4018
41791,5787
41792,7266
41793,6212
41794,224
41795,5795
41796,5755
41797,5719
41798,7380
41799,6286
41800,7520
41801,3375
41802,6043
41803,4046
41804,2101
41805,3319
41806,3767
41807,315
41808,7366
41809,1559
41810,5535
41811,3456
41812,7043
41813,517
41814,4624
41815,183
41816,5224
41817,5027
41818,7172
41819,5180
41820,1738
41821,983
41822,6760
41823,3007
41824,6829
41825,3160
41826,6793
41827,427
41828,5776
41829,6967
41830,793
41831,7206
41832,434
41833,1850
41834,3501
41835,5805
41836,3578
41837,1876
41838,7419
41839,3184
41840,2370
41841,410
41842,4435
41843,4117
41844,5538
41845,1132
41846,3693
41847,998
41848,1410
41849,3998
41850,4377
41851,1454
41852,1569
41853,4658
41854,6327
41855,3403
41856,763
41857,4617
41858,5336
41859,1871
41860,4819
41861,4899
41862,3550
41863,222
41864,1982
41865,3500
41866,6558
41867,4130
41868,6705
41869,1609
41870,2006
41871,6884
41872,3462
41873,6849
41874,5225
41875,4374
41876,4512
41877,3239
41878,7146
41879,5569
41880,5498
41881,649
41882,3845
41883,5670
41884,989
41885,6302
41886,825
41887,2217
41888,7053
41889,2147
41890,1230
41891,4211
41892,4906
41893,3566
41894,7048
41895,5927
41896,5722
41897,3168
41898,5005
41899,1518
41900,3522
41901,5456
41902,527
41903,4173
41904,107
41905,4053
41906,6581
41907,5048
41908,2061
41909,5550
41910,4919
41911,2757
41912,1536
41913,547
41914,3174
41915,6770
41916,1989
41917,1673
41918,211
41919,4320
41920,1914
41921,6097
41922,3795
41923,5752
41924,2105
41925,2244
41926,2077
41927,1497
41928,2527
41929,2746
41930,4933
41931,5043
41932,813
41933,6683
41934,6639
41935,3614
41936,5331
41937,7522
41938,6324
41939,851
41940,971
41941,2587
41942,4280
41943,2298
41944,1493
41945,5106
41946,1109
41947,3738
41948,4979
41949,5665
41950,6785
41951,5833
41952,3511
41953,6490
41954,1977
41955,5765
41956,6700
41957,7102
41958,2630
41959,5869
41960,292
41961,6737
41962,4099
41963,6653
41964,2438
41965,5997
41966,5891
41967,2994
41968,5149
41969,5962
41970,3422
41971,2602
41972,5527
41973,808
41974,1156
41975,4047
41976,2888
41977,5119
41978,3416
41979,2687
41980,6574
41981,1229
41982,7183
41983,1006
41984,645
41985,5059
41986,4225
41987,1440
41988,3711
41989,7294
41990,6954
41991,5656
41992,1408
41993,248
41994,4195
41995,2815
41996,6401
41997,2484
41998,7091
41999,2575
42000,5087
